<?xml version="1.0" encoding="UTF-8"?>
<root>
    <Slider>
        <init>
            <msg id="CATCH"><![CDATA[Erro ao iniciar Slider:]]></msg>
            <msg id="ERROR_ID"><![CDATA[ID do objeto slider não definido!]]></msg>
        </init>
    </Slider>
    <Menu>
        <default>
            <msg id="ERROR_ID_MENU"><![CDATA[ID do objeto menu não definido!]]></msg>
        </default>
        <init>
            <msg id="CATCH"><![CDATA[Erro ao iniciar menu:]]></msg>
        </init>
        <changeMenu>
            <msg id="CATCH"><![CDATA[Erro ao selecionar menu:]]></msg>
            <msg id="ERROR_ID_ITEM"><![CDATA[ID do item de menu não definido!]]></msg>
        </changeMenu>
    </Menu>    
</root>